{
  "province": {
    "name": "Davao del Norte",
    "code": "112300000",
    "lat": 7.35,
    "lng": 125.75
  },
  "cities": [
    {
      "type": "city",
      "name": "Tagum City",
      "code": "112301000",
      "lat": 7.4473,
      "lng": 125.8096,
      "barangays": [
        { "name": "Apokon" },
        { "name": "Bincungan" },
        { "name": "Busaon" },
        { "name": "Canocotan" },
        { "name": "Cuambogan" },
        { "name": "La Filipina" },
        { "name": "Liboganon" },
        { "name": "Madaum" },
        { "name": "Magdum" },
        { "name": "Magugpo East" },
        { "name": "Magugpo North" },
        { "name": "Magugpo Poblacion" },
        { "name": "Magugpo South" },
        { "name": "Magugpo West" },
        { "name": "Mankilam" },
        { "name": "New Balamban" },
        { "name": "Nueva Fuerza" },
        { "name": "Pagsabangan" },
        { "name": "Pandapan" },
        { "name": "San Agustin" },
        { "name": "San Isidro" },
        { "name": "San Miguel" },
        { "name": "Visayan Village" }
      ]
    },
    {
      "type": "city",
      "name": "Panabo City",
      "code": "112305000",
      "lat": 7.3081,
      "lng": 125.6842,
      "barangays": [
        { "name": "A. O. Floirendo" },
        { "name": "Cacao" },
        { "name": "Dapco" },
        { "name": "Gredu" },
        { "name": "J. P. Laurel" },
        { "name": "Kasilak" },
        { "name": "Katipunan" },
        { "name": "Kiotoy" },
        { "name": "Little Panay" },
        { "name": "Lower Panaga" },
        { "name": "Mabunao" },
        { "name": "Maduao" },
        { "name": "Malativas" },
        { "name": "Manay" },
        { "name": "Nanyo" },
        { "name": "New Malaga" },
        { "name": "New Visayas" },
        { "name": "Quezon" },
        { "name": "Riverside" },
        { "name": "Salvacion" },
        { "name": "San Francisco" },
        { "name": "San Nicolas" },
        { "name": "San Pedro" },
        { "name": "San Roque" },
        { "name": "San Vicente" },
        { "name": "Santa Cruz" },
        { "name": "Santo Niño" },
        { "name": "Sindaton" },
        { "name": "Southern Davao" },
        { "name": "Sta. Maria" },
        { "name": "Tibungol" },
        { "name": "Upper Licanan" },
        { "name": "Upper Panaga" },
        { "name": "Waterfall" }
      ]
    },
    {
      "type": "city",
      "name": "Island Garden City of Samal",
      "code": "112304000",
      "lat": 7.0844,
      "lng": 125.7083,
      "barangays": [
        { "name": "Adecor" },
        { "name": "Anonang" },
        { "name": "Aumbay" },
        { "name": "Babak Proper" },
        { "name": "Balet" },
        { "name": "Banderaahan" },
        { "name": "Caliclic" },
        { "name": "Camudmud" },
        { "name": "Catagman" },
        { "name": "Cogon" },
        { "name": "Dadatan" },
        { "name": "Del Monte" },
        { "name": "Guilon" },
        { "name": "Kanaan" },
        { "name": "Kinawitnon" },
        { "name": "Linosutan" },
        { "name": "Miranda" },
        { "name": "Peñaplata" },
        { "name": "San Antonio" },
        { "name": "San Isidro" },
        { "name": "San Jose" },
        { "name": "San Miguel" },
        { "name": "San Remigio" },
        { "name": "Santa Cruz" },
        { "name": "Tagbaobo" },
        { "name": "Tagbitan-ag" },
        { "name": "Toril" },
        { "name": "Tugas" }
      ]
    },
    {
      "type": "municipality",
      "name": "Asuncion",
      "code": "112302000",
      "lat": 7.7356,
      "lng": 125.7542,
      "barangays": [
        { "name": "Binancian" },
        { "name": "Buclad" },
        { "name": "Camansa" },
        { "name": "Concepcion" },
        { "name": "Doña Andrea" },
        { "name": "Magatos" },
        { "name": "Napungas" },
        { "name": "New Bantayan" },
        { "name": "New Santiago" },
        { "name": "Pamacaun" },
        { "name": "Sagayen" },
        { "name": "San Isidro" },
        { "name": "San Vicente" },
        { "name": "Santa Filomena" },
        { "name": "Sonlon" },
        { "name": "Binugao" },
        { "name": "New Loon" },
        { "name": "New Murcia" },
        { "name": "San Roque" },
        { "name": "Upper Sagayen" }
      ]
    },
    {
      "type": "municipality",
      "name": "Braulio E. Dujali",
      "code": "112303000",
      "lat": 7.4026,
      "lng": 125.8487,
      "barangays": [
        { "name": "Cabaywa" },
        { "name": "Dujali" },
        { "name": "Magupising" },
        { "name": "New Casay" },
        { "name": "New Kalatong" },
        { "name": "San Isidro" },
        { "name": "Tanglaw" },
        { "name": "Upper Magupising" }
      ]
    },
    {
      "type": "municipality",
      "name": "Carmen",
      "code": "112306000",
      "lat": 7.3606,
      "lng": 125.7074,
      "barangays": [
        { "name": "Alejal" },
        { "name": "Anibongan" },
        { "name": "Asuncion" },
        { "name": "Ising" },
        { "name": "La Paz" },
        { "name": "Mabaus" },
        { "name": "Mabuhay" },
        { "name": "Magsaysay" },
        { "name": "Mangalcal" },
        { "name": "Nasipon" },
        { "name": "Poblacion" },
        { "name": "Salvacion" },
        { "name": "San Isidro" },
        { "name": "Tuganay" },
        { "name": "Tibulao" },
        { "name": "Tubod" }
      ]
    },
    {
      "type": "municipality",
      "name": "Kapalong",
      "code": "112307000",
      "lat": 7.7708,
      "lng": 125.7021,
      "barangays": [
        { "name": "Capungagan" },
        { "name": "Florida" },
        { "name": "Gupitan" },
        { "name": "Katipunan" },
        { "name": "Luna" },
        { "name": "Mamacao" },
        { "name": "Maniki" },
        { "name": "Pag-asa" },
        { "name": "Poblacion" },
        { "name": "Sampao" },
        { "name": "Semong" },
        { "name": "Suaon" },
        { "name": "Tibungol" },
        { "name": "Venturanza" }
      ]
    },
    {
      "type": "municipality",
      "name": "New Corella",
      "code": "112308000",
      "lat": 7.5866,
      "lng": 125.8231,
      "barangays": [
        { "name": "Cabidianan" },
        { "name": "Carcor" },
        { "name": "Del Pilar" },
        { "name": "El Salvador" },
        { "name": "Limbaan" },
        { "name": "Macgum" },
        { "name": "Mambing" },
        { "name": "Mesaoy" },
        { "name": "New Bohol" },
        { "name": "New Cortez" },
        { "name": "New Sambog" },
        { "name": "Patrocenio" },
        { "name": "Poblacion" },
        { "name": "San Roque" },
        { "name": "San Vicente" },
        { "name": "Santa Cruz" },
        { "name": "Santo Niño" },
        { "name": "Suawon" },
        { "name": "Del Monte" },
        { "name": "San Jose" }
      ]
    },
    {
      "type": "municipality",
      "name": "San Isidro",
      "code": "112309000",
      "lat": 7.7439,
      "lng": 125.6289,
      "barangays": [
        { "name": "Datu Balong" },
        { "name": "Igangon" },
        { "name": "Kipalili" },
        { "name": "Libuton" },
        { "name": "Linao" },
        { "name": "Mamangan" },
        { "name": "Monte Dujali" },
        { "name": "New Dujali" },
        { "name": "Poblacion" },
        { "name": "San Miguel" },
        { "name": "Santo Niño" },
        { "name": "Sawata" },
        { "name": "Sabangan" },
        { "name": "Pinamuno" }
      ]
    },
    {
      "type": "municipality",
      "name": "Santo Tomas",
      "code": "112310000",
      "lat": 7.5133,
      "lng": 125.6261,
      "barangays": [
        { "name": "Balagunan" },
        { "name": "Bobongon" },
        { "name": "Casig-ang" },
        { "name": "Esperanza" },
        { "name": "Kimamon" },
        { "name": "Kinamayan" },
        { "name": "La Libertad" },
        { "name": "Lungaog" },
        { "name": "Magwawa" },
        { "name": "New Katipunan" },
        { "name": "Pantaron" },
        { "name": "Poblacion" },
        { "name": "Salvacion" },
        { "name": "San Jose" },
        { "name": "San Miguel" },
        { "name": "San Vicente" },
        { "name": "Talomo" },
        { "name": "Tibal-og" },
        { "name": "Tulalian" }
      ]
    },
    {
      "type": "municipality",
      "name": "Talaingod",
      "code": "112311000",
      "lat": 7.5186,
      "lng": 125.6097,
      "barangays": [
        { "name": "Dagohoy" },
        { "name": "Palma Gil" },
        { "name": "Salumay" },
        { "name": "Santo Niño" },
        { "name": "San Miguel" },
        { "name": "San Vicente" }
      ]
    }
  ]
}
